PO_Number,Order_Date,Vendor_ID,Vendor_Name,Contract_ID,Total_Spend_USD,Agreed_Delivery_Date
PO-1000001,2025-10-16,V007,GlobalSteel Ltd,CTR-342,29100.98,2025-12-30
PO-1000002,2024-04-24,V004,VendorLateAlways,CTR-158,7196.04,2024-05-30
PO-1000003,2024-01-26,V011,GlobalSteel Ltd,CTR-388,26786.37,2024-04-06
PO-1000004,2024-10-08,V008,ChinaPrecision,CTR-211,38941.27,2024-12-25
PO-1000005,2024-09-07,V005,US Logistics Co,CTR-338,26475.92,2024-10-29
PO-1000006,2024-08-16,V007,ProblemVendor12,CTR-231,2375.0,2024-09-01
PO-1000007,2024-05-22,V010,EuroPack Solutions,CTR-288,6003.81,2024-07-18
PO-1000008,2024-04-14,V003,DutchAgri Supplies,CTR-185,10175.41,2024-04-26
PO-1000009,2025-11-23,V007,AsiaChem Inc,CTR-158,12309.46,2026-01-24
PO-1000010,2025-07-12,V011,EuroPack Solutions,CTR-183,26442.8,2025-07-21
PO-1000011,2024-03-30,V011,ChinaPrecision,CTR-259,16243.87,2024-06-03
PO-1000012,2025-08-27,V008,VendorLateAlways,CTR-155,3075.19,2025-09-12
PO-1000013,2025-03-08,V005,AsiaChem Inc,CTR-396,20296.78,2025-04-24
PO-1000014,2024-02-02,V004,FastTrack GmbH,CTR-113,26151.04,2024-04-22
PO-1000015,2024-01-31,V008,IndiaTextiles,CTR-259,24729.93,2024-04-01
PO-1000016,2024-04-05,V008,AsiaChem Inc,CTR-394,43864.42,2024-06-24
PO-1000017,2024-08-11,V003,ReliableParts NV,CTR-292,33433.52,2024-10-08
PO-1000018,2024-08-26,V006,ChinaPrecision,CTR-303,22139.05,2024-11-22
PO-1000019,2025-06-01,V005,BrazilNut Co,CTR-201,12367.38,2025-07-31
PO-1000020,2025-09-08,V002,IndiaTextiles,CTR-138,2149.4,2025-10-22
PO-1000021,2024-01-28,V008,GlobalSteel Ltd,CTR-224,21430.71,2024-02-18
PO-1000022,2025-07-28,V012,DutchAgri Supplies,CTR-152,16788.62,2025-09-24
PO-1000023,2024-07-22,V006,GlobalSteel Ltd,CTR-254,18010.98,2024-07-31
PO-1000024,2025-10-27,V002,AsiaChem Inc,CTR-161,3279.93,2025-12-14
PO-1000025,2025-12-19,V012,GlobalSteel Ltd,CTR-389,4067.72,2026-01-16
PO-1000026,2025-07-12,V005,ReliableParts NV,CTR-121,42551.4,2025-10-06
PO-1000027,2025-03-05,V001,ChinaPrecision,CTR-277,12790.9,2025-05-09
PO-1000028,2024-08-13,V012,FastTrack GmbH,CTR-372,28272.67,2024-10-05
PO-1000029,2025-04-04,V010,VendorLateAlways,CTR-319,13782.43,2025-04-22
PO-1000030,2025-08-26,V006,DutchAgri Supplies,CTR-289,13804.25,2025-10-27
PO-1000031,2024-10-11,V012,ReliableParts NV,CTR-135,37500.6,2024-10-31
PO-1000032,2024-01-07,V009,ReliableParts NV,CTR-359,7573.05,2024-02-14
PO-1000033,2024-06-12,V001,GlobalSteel Ltd,CTR-274,14849.67,2024-08-13
PO-1000034,2025-12-15,V011,GlobalSteel Ltd,CTR-106,8034.48,2026-03-07
PO-1000035,2025-03-08,V011,AsiaChem Inc,CTR-315,8283.78,2025-05-05
PO-1000036,2024-12-14,V010,VendorLateAlways,CTR-350,9508.21,2025-02-26
PO-1000037,2024-10-11,V012,EuroPack Solutions,CTR-154,17057.53,2024-10-28
PO-1000038,2024-06-08,V012,GlobalSteel Ltd,CTR-321,7890.2,2024-08-04
PO-1000039,2024-08-08,V003,ChinaPrecision,CTR-285,53174.37,2024-09-23
PO-1000040,2024-12-10,V012,BrazilNut Co,CTR-335,4993.7,2025-01-29
PO-1000041,2024-04-14,V007,DutchAgri Supplies,CTR-178,10877.39,2024-05-19
PO-1000042,2024-04-04,V004,ProblemVendor12,CTR-322,8236.21,2024-05-23
PO-1000043,2025-01-24,V009,GlobalSteel Ltd,CTR-190,65622.62,2025-02-21
PO-1000044,2024-04-09,V003,ChinaPrecision,CTR-367,16584.28,2024-04-25
PO-1000045,2025-01-02,V005,ChinaPrecision,CTR-238,41565.63,2025-03-15
PO-1000046,2024-12-18,V003,DutchAgri Supplies,CTR-375,2606.81,2025-03-16
PO-1000047,2025-09-10,V007,EuroPack Solutions,CTR-347,17921.48,2025-10-01
PO-1000048,2024-09-27,V005,ChinaPrecision,CTR-338,35546.39,2024-12-10
PO-1000049,2024-02-14,V009,BrazilNut Co,CTR-323,14625.36,2024-04-26
PO-1000050,2025-04-15,V007,ChinaPrecision,CTR-237,43132.34,2025-05-16
PO-1000051,2025-07-03,V002,ChinaPrecision,CTR-265,7562.69,2025-08-23
PO-1000052,2024-05-07,V004,ChinaPrecision,CTR-225,62961.72,2024-06-27
PO-1000053,2025-01-22,V009,FastTrack GmbH,CTR-144,167508.26,2025-04-21
PO-1000054,2024-03-21,V012,FastTrack GmbH,CTR-242,8963.16,2024-04-15
PO-1000055,2025-07-19,V002,EuroPack Solutions,CTR-330,8184.09,2025-08-25
PO-1000056,2024-10-27,V010,GlobalSteel Ltd,CTR-224,66086.71,2024-11-16
PO-1000057,2025-10-05,V009,ChinaPrecision,CTR-337,75927.13,2025-10-30
PO-1000058,2025-09-25,V010,VendorLateAlways,CTR-391,7516.49,2025-11-03
PO-1000059,2025-01-05,V005,GlobalSteel Ltd,CTR-294,8415.2,2025-02-06
PO-1000060,2025-08-14,V002,EuroPack Solutions,CTR-272,9799.01,2025-09-12
PO-1000061,2024-07-15,V004,US Logistics Co,CTR-114,3044.54,2024-10-07
PO-1000062,2025-12-22,V012,GlobalSteel Ltd,CTR-353,4863.35,2026-01-17
PO-1000063,2024-03-12,V012,GlobalSteel Ltd,CTR-266,4426.86,2024-06-10
PO-1000064,2024-02-16,V007,IndiaTextiles,CTR-193,5741.2,2024-03-03
PO-1000065,2025-11-08,V012,AsiaChem Inc,CTR-349,12859.61,2025-12-07
PO-1000066,2024-08-21,V008,ProblemVendor12,CTR-208,17285.72,2024-11-16
PO-1000067,2024-10-23,V003,IndiaTextiles,CTR-281,73537.48,2025-01-01
PO-1000068,2024-03-22,V001,BrazilNut Co,CTR-232,4455.13,2024-05-27
PO-1000069,2024-08-26,V004,FastTrack GmbH,CTR-274,39448.63,2024-11-13
PO-1000070,2024-04-13,V002,FastTrack GmbH,CTR-243,10557.72,2024-07-03
PO-1000071,2025-01-24,V008,AsiaChem Inc,CTR-241,12652.24,2025-03-29
PO-1000072,2024-10-11,V004,DutchAgri Supplies,CTR-384,28065.64,2024-12-29
PO-1000073,2025-04-09,V002,DutchAgri Supplies,CTR-105,3885.5,2025-07-07
PO-1000074,2025-10-12,V006,EuroPack Solutions,CTR-364,20346.23,2026-01-08
PO-1000075,2025-01-08,V006,ReliableParts NV,CTR-197,16044.12,2025-04-04
PO-1000076,2024-06-15,V010,AsiaChem Inc,CTR-143,22964.31,2024-08-02
PO-1000077,2025-01-14,V004,ProblemVendor12,CTR-223,18362.86,2025-04-11
PO-1000078,2024-12-29,V006,GlobalSteel Ltd,CTR-308,198954.25,2025-02-14
PO-1000079,2024-08-02,V002,DutchAgri Supplies,CTR-350,6624.21,2024-08-28
PO-1000080,2025-11-17,V010,ProblemVendor12,CTR-384,7449.51,2026-01-19
PO-1000081,2024-09-30,V012,ChinaPrecision,CTR-223,6731.45,2024-10-15
PO-1000082,2025-12-19,V002,ReliableParts NV,CTR-343,7251.58,2026-02-24
PO-1000083,2025-11-30,V010,VendorLateAlways,CTR-351,6626.78,2026-02-01
PO-1000084,2025-10-25,V004,GlobalSteel Ltd,CTR-329,49410.5,2026-01-20
PO-1000085,2024-03-14,V008,BrazilNut Co,CTR-108,63739.18,2024-04-28
PO-1000086,2025-09-15,V007,ChinaPrecision,CTR-147,7130.8,2025-10-27
PO-1000087,2025-10-12,V012,ChinaPrecision,CTR-250,5347.63,2026-01-02
PO-1000088,2024-06-24,V009,AsiaChem Inc,CTR-213,22439.03,2024-07-08
PO-1000089,2025-06-30,V008,ReliableParts NV,CTR-307,7277.59,2025-08-21
PO-1000090,2024-09-07,V005,EuroPack Solutions,CTR-224,26801.82,2024-11-17
PO-1000091,2024-06-16,V002,BrazilNut Co,CTR-256,16700.86,2024-07-02
PO-1000092,2025-04-18,V005,DutchAgri Supplies,CTR-397,2521.68,2025-06-03
PO-1000093,2025-01-23,V008,ProblemVendor12,CTR-288,73295.59,2025-03-30
PO-1000094,2024-10-03,V010,AsiaChem Inc,CTR-342,96323.29,2024-12-06
PO-1000095,2025-10-17,V009,DutchAgri Supplies,CTR-383,6808.54,2025-10-28
PO-1000096,2025-12-05,V012,AsiaChem Inc,CTR-371,8721.34,2025-12-19
PO-1000097,2025-07-24,V012,AsiaChem Inc,CTR-276,18296.26,2025-09-16
PO-1000098,2024-08-12,V012,AsiaChem Inc,CTR-317,19300.81,2024-09-24
PO-1000099,2025-12-02,V009,ReliableParts NV,CTR-381,27567.66,2025-12-18
PO-1000100,2024-11-28,V001,EuroPack Solutions,CTR-269,121932.76,2025-02-25
PO-1000101,2024-02-27,V009,AsiaChem Inc,CTR-280,10996.78,2024-03-16
PO-1000102,2024-08-22,V007,US Logistics Co,CTR-332,5551.78,2024-11-15
PO-1000103,2024-02-02,V009,VendorLateAlways,CTR-238,2929.97,2024-04-25
PO-1000104,2024-11-19,V008,DutchAgri Supplies,CTR-256,5978.81,2025-01-29
PO-1000105,2025-02-14,V001,GlobalSteel Ltd,CTR-228,12881.67,2025-04-11
PO-1000106,2024-10-01,V012,IndiaTextiles,CTR-218,96183.55,2024-12-06
PO-1000107,2024-03-08,V008,ProblemVendor12,CTR-161,7560.01,2024-05-28
PO-1000108,2024-08-04,V008,BrazilNut Co,CTR-198,17088.6,2024-10-20
PO-1000109,2025-08-03,V011,FastTrack GmbH,CTR-261,13120.55,2025-08-15
PO-1000110,2024-11-18,V003,EuroPack Solutions,CTR-161,49376.63,2025-01-21
PO-1000111,2024-08-05,V001,GlobalSteel Ltd,CTR-374,215265.12,2024-10-24
PO-1000112,2025-11-02,V008,ChinaPrecision,CTR-194,7450.56,2026-01-31
PO-1000113,2025-05-26,V003,US Logistics Co,CTR-198,7797.95,2025-06-26
PO-1000114,2025-02-09,V003,FastTrack GmbH,CTR-210,42132.6,2025-03-29
PO-1000115,2025-10-20,V001,IndiaTextiles,CTR-347,28284.82,2026-01-12
PO-1000116,2025-04-14,V011,GlobalSteel Ltd,CTR-241,101862.39,2025-06-20
PO-1000117,2024-05-26,V005,FastTrack GmbH,CTR-368,25395.34,2024-08-05
PO-1000118,2024-09-28,V010,GlobalSteel Ltd,CTR-244,8998.19,2024-10-24
PO-1000119,2024-05-22,V007,ProblemVendor12,CTR-151,25583.95,2024-06-05
PO-1000120,2024-09-09,V010,US Logistics Co,CTR-199,45232.63,2024-11-12
PO-1000121,2025-07-28,V009,IndiaTextiles,CTR-251,32942.88,2025-08-17
PO-1000122,2025-07-05,V012,ChinaPrecision,CTR-216,23341.81,2025-08-24
PO-1000123,2024-09-26,V007,AsiaChem Inc,CTR-284,43189.05,2024-10-13
PO-1000124,2025-08-21,V009,DutchAgri Supplies,CTR-191,48350.18,2025-10-31
PO-1000125,2025-03-14,V008,ChinaPrecision,CTR-254,61106.58,2025-06-11
PO-1000126,2025-08-20,V012,AsiaChem Inc,CTR-107,27271.05,2025-09-18
PO-1000127,2025-02-12,V002,ReliableParts NV,CTR-373,11116.33,2025-02-24
PO-1000128,2025-01-05,V001,ReliableParts NV,CTR-164,15699.51,2025-02-12
PO-1000129,2024-08-12,V007,ReliableParts NV,CTR-240,50370.44,2024-10-14
PO-1000130,2024-05-21,V007,EuroPack Solutions,CTR-123,5439.11,2024-07-23
PO-1000131,2025-06-05,V008,VendorLateAlways,CTR-127,20041.1,2025-08-18
PO-1000132,2025-05-20,V005,BrazilNut Co,CTR-383,8667.43,2025-08-01
PO-1000133,2024-04-03,V003,BrazilNut Co,CTR-249,13788.9,2024-06-27
PO-1000134,2024-02-18,V012,ReliableParts NV,CTR-164,54518.59,2024-03-16
PO-1000135,2024-04-22,V008,DutchAgri Supplies,CTR-351,16485.05,2024-06-14
PO-1000136,2024-06-05,V006,IndiaTextiles,CTR-152,14059.87,2024-07-29
PO-1000137,2025-10-04,V011,US Logistics Co,CTR-106,2993.38,2025-11-16
PO-1000138,2024-06-12,V003,IndiaTextiles,CTR-393,30359.93,2024-08-07
PO-1000139,2025-11-27,V001,US Logistics Co,CTR-245,27174.45,2026-01-25
PO-1000140,2025-03-08,V003,IndiaTextiles,CTR-340,144289.96,2025-04-27
PO-1000141,2025-09-02,V005,VendorLateAlways,CTR-345,9522.8,2025-11-24
PO-1000142,2024-03-06,V003,EuroPack Solutions,CTR-325,17001.64,2024-03-19
PO-1000143,2025-01-29,V001,EuroPack Solutions,CTR-274,17576.57,2025-04-26
PO-1000144,2025-01-25,V005,ReliableParts NV,CTR-194,75750.37,2025-04-24
PO-1000145,2025-09-02,V010,AsiaChem Inc,CTR-126,12030.19,2025-10-21
PO-1000146,2025-04-24,V007,FastTrack GmbH,CTR-229,18159.04,2025-05-09
PO-1000147,2025-06-25,V007,EuroPack Solutions,CTR-344,26073.8,2025-08-13
PO-1000148,2024-09-14,V011,EuroPack Solutions,CTR-158,16403.83,2024-10-03
PO-1000149,2025-07-20,V009,ChinaPrecision,CTR-133,8175.71,2025-10-06
PO-1000150,2024-01-12,V010,ChinaPrecision,CTR-305,16539.37,2024-03-08
PO-1000151,2025-11-27,V010,AsiaChem Inc,CTR-351,43520.83,2026-01-09
PO-1000152,2024-04-27,V012,ProblemVendor12,CTR-137,4319.23,2024-06-05
PO-1000153,2025-11-29,V003,FastTrack GmbH,CTR-395,15463.95,2026-02-21
PO-1000154,2025-07-03,V007,DutchAgri Supplies,CTR-127,6184.91,2025-07-29
PO-1000155,2024-09-30,V001,ChinaPrecision,CTR-177,49739.33,2024-11-18
PO-1000156,2025-10-18,V004,DutchAgri Supplies,CTR-176,2501.12,2025-11-04
PO-1000157,2024-12-14,V004,GlobalSteel Ltd,CTR-388,7224.16,2025-03-05
PO-1000158,2024-04-24,V005,ChinaPrecision,CTR-255,20230.23,2024-05-19
PO-1000159,2024-10-27,V007,VendorLateAlways,CTR-143,74762.85,2024-12-17
PO-1000160,2025-03-21,V007,ProblemVendor12,CTR-227,12427.6,2025-05-06
PO-1000161,2024-06-10,V011,FastTrack GmbH,CTR-160,7253.8,2024-09-08
PO-1000162,2025-04-09,V004,AsiaChem Inc,CTR-385,105796.51,2025-06-05
PO-1000163,2024-01-04,V007,GlobalSteel Ltd,CTR-313,2716.73,2024-01-27
PO-1000164,2024-09-26,V011,FastTrack GmbH,CTR-215,1189.53,2024-12-18
PO-1000165,2025-05-27,V003,ReliableParts NV,CTR-367,21677.19,2025-06-13
PO-1000166,2024-07-01,V006,VendorLateAlways,CTR-294,7690.49,2024-08-16
PO-1000167,2025-06-03,V012,FastTrack GmbH,CTR-330,4344.4,2025-08-20
PO-1000168,2024-04-18,V002,VendorLateAlways,CTR-326,29120.34,2024-06-12
PO-1000169,2025-10-02,V010,VendorLateAlways,CTR-252,17468.96,2025-12-30
PO-1000170,2024-11-01,V009,DutchAgri Supplies,CTR-319,7183.3,2024-12-20
PO-1000171,2025-10-16,V005,IndiaTextiles,CTR-256,3267.12,2025-11-08
PO-1000172,2025-06-03,V006,ReliableParts NV,CTR-391,34881.19,2025-08-16
PO-1000173,2025-09-15,V012,GlobalSteel Ltd,CTR-130,27315.82,2025-10-03
PO-1000174,2024-07-22,V012,FastTrack GmbH,CTR-150,11978.95,2024-10-19
PO-1000175,2024-06-05,V012,US Logistics Co,CTR-206,101854.51,2024-08-05
PO-1000176,2025-01-17,V012,GlobalSteel Ltd,CTR-208,4117.11,2025-03-30
PO-1000177,2024-06-14,V004,IndiaTextiles,CTR-235,2494.7,2024-08-06
PO-1000178,2025-07-06,V011,GlobalSteel Ltd,CTR-141,6241.03,2025-07-15
PO-1000179,2025-06-27,V010,EuroPack Solutions,CTR-180,12706.33,2025-08-19
PO-1000180,2024-01-01,V007,US Logistics Co,CTR-222,17460.1,2024-02-16
PO-1000181,2025-09-05,V012,IndiaTextiles,CTR-188,10245.98,2025-10-05
PO-1000182,2024-11-27,V009,DutchAgri Supplies,CTR-382,19678.09,2024-12-31
PO-1000183,2025-05-15,V007,FastTrack GmbH,CTR-138,3372.15,2025-07-04
PO-1000184,2024-01-20,V001,ProblemVendor12,CTR-180,65391.08,2024-03-29
PO-1000185,2024-04-24,V001,BrazilNut Co,CTR-101,12205.4,2024-05-25
PO-1000186,2025-01-06,V009,IndiaTextiles,CTR-309,45662.17,2025-02-10
PO-1000187,2024-11-10,V011,AsiaChem Inc,CTR-330,19477.16,2024-12-04
PO-1000188,2024-09-02,V009,FastTrack GmbH,CTR-340,22080.02,2024-09-28
PO-1000189,2024-02-29,V004,ReliableParts NV,CTR-249,25002.82,2024-03-16
PO-1000190,2024-09-03,V009,IndiaTextiles,CTR-116,21861.44,2024-10-17
PO-1000191,2025-08-03,V003,EuroPack Solutions,CTR-218,27092.03,2025-08-22
PO-1000192,2024-03-21,V007,BrazilNut Co,CTR-247,57645.52,2024-05-31
PO-1000193,2024-03-28,V006,EuroPack Solutions,CTR-244,16583.66,2024-06-12
PO-1000194,2025-05-12,V008,BrazilNut Co,CTR-332,29141.08,2025-07-25
PO-1000195,2024-03-11,V011,ReliableParts NV,CTR-136,12103.99,2024-03-22
PO-1000196,2025-06-29,V009,ProblemVendor12,CTR-219,65129.24,2025-08-18
PO-1000197,2024-05-08,V005,AsiaChem Inc,CTR-235,6348.47,2024-08-02
PO-1000198,2024-05-11,V001,FastTrack GmbH,CTR-201,96861.22,2024-06-03
PO-1000199,2025-11-06,V003,DutchAgri Supplies,CTR-317,12782.42,2026-01-28
PO-1000200,2025-05-01,V010,EuroPack Solutions,CTR-158,2768.74,2025-06-25
PO-1000201,2025-07-16,V012,EuroPack Solutions,CTR-378,15381.41,2025-08-11
PO-1000202,2024-06-18,V008,VendorLateAlways,CTR-215,6316.01,2024-07-15
PO-1000203,2024-09-28,V011,BrazilNut Co,CTR-176,33681.63,2024-10-28
PO-1000204,2025-06-24,V006,ChinaPrecision,CTR-236,6516.64,2025-09-18
PO-1000205,2025-09-13,V008,ProblemVendor12,CTR-172,8177.96,2025-10-11
PO-1000206,2025-03-09,V009,FastTrack GmbH,CTR-136,1671.55,2025-05-11
PO-1000207,2024-08-04,V004,BrazilNut Co,CTR-130,8123.07,2024-08-16
PO-1000208,2025-07-06,V001,VendorLateAlways,CTR-184,928.65,2025-09-03
PO-1000209,2025-12-07,V001,GlobalSteel Ltd,CTR-257,2339.53,2026-01-29
PO-1000210,2024-07-24,V010,BrazilNut Co,CTR-391,30836.56,2024-08-30
PO-1000211,2025-12-31,V004,DutchAgri Supplies,CTR-247,31709.77,2026-03-04
PO-1000212,2024-11-15,V012,FastTrack GmbH,CTR-324,21332.85,2025-02-08
PO-1000213,2025-02-12,V007,ProblemVendor12,CTR-163,4611.58,2025-03-27
PO-1000214,2025-11-18,V002,VendorLateAlways,CTR-339,12676.66,2026-01-21
PO-1000215,2025-10-27,V003,GlobalSteel Ltd,CTR-255,13306.89,2025-12-02
PO-1000216,2025-01-17,V001,US Logistics Co,CTR-306,3736.1,2025-04-02
PO-1000217,2025-03-24,V005,VendorLateAlways,CTR-239,69824.35,2025-04-30
PO-1000218,2025-06-13,V001,US Logistics Co,CTR-356,35069.9,2025-07-29
PO-1000219,2025-04-07,V008,FastTrack GmbH,CTR-376,10477.02,2025-06-13
PO-1000220,2024-05-03,V001,EuroPack Solutions,CTR-352,13760.73,2024-06-03
PO-1000221,2024-09-10,V011,VendorLateAlways,CTR-324,16801.46,2024-11-03
PO-1000222,2024-08-18,V001,AsiaChem Inc,CTR-141,1413.88,2024-11-06
PO-1000223,2024-03-06,V002,US Logistics Co,CTR-120,10179.23,2024-05-08
PO-1000224,2024-12-12,V002,DutchAgri Supplies,CTR-321,6309.54,2025-02-16
PO-1000225,2024-01-22,V012,AsiaChem Inc,CTR-265,4439.15,2024-03-05
PO-1000226,2025-08-25,V006,IndiaTextiles,CTR-228,9806.39,2025-10-19
PO-1000227,2025-07-21,V007,IndiaTextiles,CTR-113,96515.14,2025-09-30
PO-1000228,2024-08-23,V005,GlobalSteel Ltd,CTR-146,27036.07,2024-11-05
PO-1000229,2025-08-25,V001,ProblemVendor12,CTR-217,7127.41,2025-10-24
PO-1000230,2024-08-13,V001,EuroPack Solutions,CTR-394,25080.38,2024-09-09
PO-1000231,2024-01-08,V003,FastTrack GmbH,CTR-110,62273.48,2024-02-09
PO-1000232,2024-03-13,V002,VendorLateAlways,CTR-237,36941.73,2024-06-05
PO-1000233,2025-12-25,V005,ChinaPrecision,CTR-395,14265.42,2026-01-18
PO-1000234,2025-10-08,V012,DutchAgri Supplies,CTR-120,6557.53,2025-11-16
PO-1000235,2024-03-01,V010,US Logistics Co,CTR-189,28797.55,2024-03-14
PO-1000236,2024-08-22,V006,FastTrack GmbH,CTR-340,20595.62,2024-11-19
PO-1000237,2024-03-10,V007,AsiaChem Inc,CTR-365,35764.55,2024-05-17
PO-1000238,2024-02-02,V004,ReliableParts NV,CTR-326,26867.94,2024-03-27
PO-1000239,2024-12-04,V007,IndiaTextiles,CTR-242,42383.23,2025-02-19
PO-1000240,2024-03-13,V011,ReliableParts NV,CTR-192,7414.86,2024-04-02
PO-1000241,2025-06-10,V008,DutchAgri Supplies,CTR-399,56904.71,2025-08-22
PO-1000242,2024-08-31,V011,ChinaPrecision,CTR-323,16603.35,2024-09-22
PO-1000243,2024-10-12,V001,VendorLateAlways,CTR-351,130978.3,2024-11-24
PO-1000244,2025-11-16,V006,GlobalSteel Ltd,CTR-146,6259.74,2025-12-03
PO-1000245,2025-05-12,V008,ChinaPrecision,CTR-340,90179.75,2025-06-08
PO-1000246,2024-08-07,V005,DutchAgri Supplies,CTR-278,16609.03,2024-09-17
PO-1000247,2025-07-06,V004,ChinaPrecision,CTR-309,6525.29,2025-09-08
PO-1000248,2024-05-15,V002,DutchAgri Supplies,CTR-270,7845.74,2024-07-26
PO-1000249,2025-08-07,V006,DutchAgri Supplies,CTR-264,9392.04,2025-09-01
PO-1000250,2025-08-13,V006,BrazilNut Co,CTR-153,21302.56,2025-10-14
PO-1000251,2025-04-29,V011,US Logistics Co,CTR-182,23744.8,2025-05-17
PO-1000252,2024-09-05,V001,ReliableParts NV,CTR-268,7107.67,2024-10-10
PO-1000253,2025-04-29,V009,IndiaTextiles,CTR-310,13006.57,2025-07-02
PO-1000254,2025-02-20,V012,BrazilNut Co,CTR-353,140997.49,2025-04-12
PO-1000255,2024-07-13,V011,VendorLateAlways,CTR-247,89348.3,2024-07-23
PO-1000256,2024-04-06,V006,BrazilNut Co,CTR-305,21589.36,2024-06-05
PO-1000257,2024-04-09,V003,EuroPack Solutions,CTR-381,13930.05,2024-04-22
PO-1000258,2025-11-05,V004,EuroPack Solutions,CTR-118,15245.42,2026-01-01
PO-1000259,2025-03-17,V012,IndiaTextiles,CTR-332,26235.53,2025-05-27
PO-1000260,2024-12-28,V011,ChinaPrecision,CTR-145,4336.96,2025-02-20
PO-1000261,2025-03-09,V004,US Logistics Co,CTR-261,10065.67,2025-04-15
PO-1000262,2025-02-24,V003,IndiaTextiles,CTR-229,2131.45,2025-04-21
PO-1000263,2025-04-23,V010,DutchAgri Supplies,CTR-265,20726.02,2025-05-10
PO-1000264,2024-02-25,V003,AsiaChem Inc,CTR-159,27225.67,2024-04-19
PO-1000265,2025-11-20,V003,US Logistics Co,CTR-306,7851.77,2025-12-25
PO-1000266,2025-10-31,V004,ProblemVendor12,CTR-363,75462.07,2025-11-10
PO-1000267,2025-10-23,V007,ReliableParts NV,CTR-100,3469.13,2025-12-09
PO-1000268,2024-04-10,V004,US Logistics Co,CTR-377,2668.28,2024-04-29
PO-1000269,2024-03-03,V009,DutchAgri Supplies,CTR-336,17101.08,2024-06-01
PO-1000270,2025-02-16,V001,DutchAgri Supplies,CTR-311,42268.95,2025-04-06
PO-1000271,2024-12-13,V008,GlobalSteel Ltd,CTR-127,85162.84,2025-01-07
PO-1000272,2024-04-21,V007,IndiaTextiles,CTR-196,8064.5,2024-05-15
PO-1000273,2024-09-11,V002,DutchAgri Supplies,CTR-365,43763.22,2024-09-22
PO-1000274,2024-07-15,V008,EuroPack Solutions,CTR-285,12805.64,2024-08-27
PO-1000275,2024-07-13,V001,VendorLateAlways,CTR-355,11049.16,2024-09-18
PO-1000276,2025-07-03,V011,AsiaChem Inc,CTR-326,35313.69,2025-07-27
PO-1000277,2025-04-04,V012,ReliableParts NV,CTR-126,27379.65,2025-06-10
PO-1000278,2024-05-23,V009,IndiaTextiles,CTR-204,2358.94,2024-07-26
PO-1000279,2025-03-08,V009,FastTrack GmbH,CTR-236,67791.66,2025-06-01
PO-1000280,2024-07-06,V002,EuroPack Solutions,CTR-381,60967.76,2024-07-13
PO-1000281,2024-10-12,V007,ProblemVendor12,CTR-167,6713.54,2024-10-29
PO-1000282,2025-04-18,V010,ChinaPrecision,CTR-247,20648.21,2025-04-27
PO-1000283,2024-09-12,V003,DutchAgri Supplies,CTR-324,23004.23,2024-10-21
PO-1000284,2024-03-18,V007,FastTrack GmbH,CTR-348,17796.22,2024-04-21
PO-1000285,2025-03-29,V012,DutchAgri Supplies,CTR-162,7292.96,2025-04-24
PO-1000286,2025-07-17,V010,US Logistics Co,CTR-114,6381.86,2025-10-02
PO-1000287,2024-04-10,V009,EuroPack Solutions,CTR-222,12989.42,2024-07-03
PO-1000288,2024-02-21,V004,US Logistics Co,CTR-181,48533.13,2024-05-05
PO-1000289,2025-10-29,V012,GlobalSteel Ltd,CTR-259,24293.4,2025-12-29
PO-1000290,2025-07-07,V001,US Logistics Co,CTR-382,8886.82,2025-07-28
PO-1000291,2024-01-16,V002,GlobalSteel Ltd,CTR-107,31221.7,2024-02-28
PO-1000292,2024-04-05,V001,ProblemVendor12,CTR-382,582.08,2024-05-12
PO-1000293,2024-08-30,V012,GlobalSteel Ltd,CTR-308,47270.53,2024-10-14
PO-1000294,2024-06-19,V005,FastTrack GmbH,CTR-147,1971.04,2024-07-11
PO-1000295,2025-02-20,V005,DutchAgri Supplies,CTR-215,8967.08,2025-03-05
PO-1000296,2025-05-12,V011,ChinaPrecision,CTR-158,3898.56,2025-06-18
PO-1000297,2025-05-07,V007,ReliableParts NV,CTR-336,3215.86,2025-07-06
PO-1000298,2024-08-06,V009,US Logistics Co,CTR-160,47901.85,2024-11-02
PO-1000299,2025-02-14,V009,ReliableParts NV,CTR-178,7986.67,2025-05-11
PO-1000300,2024-03-01,V003,EuroPack Solutions,CTR-355,19558.29,2024-05-05
PO-1000301,2024-06-17,V003,GlobalSteel Ltd,CTR-249,12687.69,2024-07-02
PO-1000302,2025-01-23,V003,DutchAgri Supplies,CTR-360,22578.31,2025-02-13
PO-1000303,2024-01-03,V004,AsiaChem Inc,CTR-239,14537.75,2024-03-13
PO-1000304,2025-02-03,V008,IndiaTextiles,CTR-312,3257.48,2025-04-27
PO-1000305,2024-09-28,V006,FastTrack GmbH,CTR-347,39970.36,2024-12-12
PO-1000306,2025-04-10,V008,ChinaPrecision,CTR-341,7761.01,2025-04-19
PO-1000307,2024-10-19,V001,BrazilNut Co,CTR-224,2410.91,2025-01-14
PO-1000308,2025-03-09,V008,FastTrack GmbH,CTR-333,8342.13,2025-05-20
PO-1000309,2025-12-14,V004,ProblemVendor12,CTR-382,69621.99,2026-03-04
PO-1000310,2025-07-23,V011,AsiaChem Inc,CTR-174,34038.38,2025-08-29
PO-1000311,2025-11-08,V001,IndiaTextiles,CTR-296,9104.12,2025-12-03
PO-1000312,2025-05-13,V008,AsiaChem Inc,CTR-197,9098.06,2025-06-26
PO-1000313,2024-06-07,V004,US Logistics Co,CTR-360,9378.75,2024-08-07
PO-1000314,2024-07-13,V006,GlobalSteel Ltd,CTR-169,131192.74,2024-07-20
PO-1000315,2024-10-30,V008,ChinaPrecision,CTR-135,20335.61,2025-01-23
PO-1000316,2024-08-10,V004,VendorLateAlways,CTR-241,21440.69,2024-10-01
PO-1000317,2024-02-29,V003,GlobalSteel Ltd,CTR-312,41494.32,2024-04-06
PO-1000318,2025-08-16,V009,VendorLateAlways,CTR-274,17372.92,2025-11-04
PO-1000319,2025-07-09,V003,ReliableParts NV,CTR-359,10047.24,2025-09-07
PO-1000320,2024-03-03,V009,IndiaTextiles,CTR-236,10764.57,2024-04-02
PO-1000321,2024-11-17,V002,DutchAgri Supplies,CTR-101,12347.87,2024-12-04
PO-1000322,2024-02-28,V002,BrazilNut Co,CTR-244,12823.77,2024-05-12
PO-1000323,2024-02-21,V002,EuroPack Solutions,CTR-252,29744.29,2024-04-14
PO-1000324,2025-08-21,V006,GlobalSteel Ltd,CTR-396,14145.34,2025-09-05
PO-1000325,2025-05-03,V003,ChinaPrecision,CTR-350,29908.68,2025-07-16
PO-1000326,2025-05-29,V009,ProblemVendor12,CTR-176,12224.68,2025-08-13
PO-1000327,2025-06-27,V004,ProblemVendor12,CTR-328,14566.78,2025-09-06
PO-1000328,2024-06-10,V001,AsiaChem Inc,CTR-375,1483.23,2024-08-20
PO-1000329,2024-02-28,V004,ChinaPrecision,CTR-347,36605.74,2024-05-15
PO-1000330,2025-06-04,V001,IndiaTextiles,CTR-276,19557.95,2025-06-13
PO-1000331,2024-03-23,V005,ReliableParts NV,CTR-270,40047.08,2024-05-18
PO-1000332,2024-07-09,V004,VendorLateAlways,CTR-382,552.32,2024-09-14
PO-1000333,2024-03-11,V008,AsiaChem Inc,CTR-378,132881.39,2024-03-23
PO-1000334,2025-09-01,V008,ProblemVendor12,CTR-293,11458.09,2025-11-28
PO-1000335,2024-03-10,V007,EuroPack Solutions,CTR-333,45206.72,2024-05-05
PO-1000336,2025-11-22,V003,EuroPack Solutions,CTR-264,4256.08,2026-01-15
PO-1000337,2024-08-28,V001,GlobalSteel Ltd,CTR-196,26214.06,2024-10-06
PO-1000338,2025-02-17,V001,IndiaTextiles,CTR-222,4193.3,2025-02-26
PO-1000339,2024-05-02,V012,DutchAgri Supplies,CTR-392,6726.8,2024-06-23
PO-1000340,2025-08-06,V011,ProblemVendor12,CTR-296,109692.3,2025-08-21
PO-1000341,2024-09-09,V003,IndiaTextiles,CTR-219,10831.88,2024-10-30
PO-1000342,2025-08-15,V006,ReliableParts NV,CTR-310,16969.56,2025-09-21
PO-1000343,2025-08-31,V007,VendorLateAlways,CTR-122,34789.63,2025-11-26
PO-1000344,2024-02-10,V006,ChinaPrecision,CTR-262,23046.06,2024-03-01
PO-1000345,2025-09-26,V006,ProblemVendor12,CTR-342,15763.63,2025-12-16
PO-1000346,2024-03-24,V006,EuroPack Solutions,CTR-295,19959.43,2024-05-12
PO-1000347,2025-03-05,V003,ChinaPrecision,CTR-297,187917.28,2025-03-29
PO-1000348,2025-11-04,V006,ChinaPrecision,CTR-177,12539.25,2025-11-16
PO-1000349,2025-08-20,V008,ChinaPrecision,CTR-353,16667.38,2025-10-11
PO-1000350,2025-08-01,V011,EuroPack Solutions,CTR-118,42434.62,2025-10-16
PO-1000351,2025-06-19,V011,ReliableParts NV,CTR-164,45074.8,2025-08-08
PO-1000352,2024-11-19,V002,FastTrack GmbH,CTR-357,49302.66,2025-02-16
PO-1000353,2024-09-24,V005,US Logistics Co,CTR-269,26973.31,2024-10-23
PO-1000354,2024-07-28,V001,VendorLateAlways,CTR-151,3799.77,2024-10-02
PO-1000355,2025-11-16,V012,FastTrack GmbH,CTR-325,80561.38,2026-01-23
PO-1000356,2024-11-17,V001,VendorLateAlways,CTR-151,3785.83,2025-02-12
PO-1000357,2024-09-01,V005,AsiaChem Inc,CTR-369,18636.9,2024-10-01
PO-1000358,2024-09-28,V012,IndiaTextiles,CTR-333,5827.23,2024-10-22
PO-1000359,2025-02-09,V003,IndiaTextiles,CTR-107,12449.65,2025-02-24
PO-1000360,2024-05-14,V004,BrazilNut Co,CTR-173,19180.29,2024-07-18
PO-1000361,2025-11-18,V003,IndiaTextiles,CTR-309,19024.69,2025-11-29
PO-1000362,2025-10-22,V001,EuroPack Solutions,CTR-179,21250.01,2025-12-05
PO-1000363,2024-11-03,V001,DutchAgri Supplies,CTR-138,78832.64,2024-12-05
PO-1000364,2025-04-13,V012,GlobalSteel Ltd,CTR-340,22001.98,2025-04-25
PO-1000365,2024-11-19,V012,BrazilNut Co,CTR-235,10213.11,2024-12-21
PO-1000366,2024-03-15,V005,GlobalSteel Ltd,CTR-273,38580.25,2024-03-27
PO-1000367,2024-01-10,V006,VendorLateAlways,CTR-303,49435.18,2024-02-26
PO-1000368,2025-04-14,V003,GlobalSteel Ltd,CTR-141,3462.1,2025-05-30
PO-1000369,2025-09-28,V012,GlobalSteel Ltd,CTR-268,25774.48,2025-12-09
PO-1000370,2025-07-30,V009,BrazilNut Co,CTR-373,28891.13,2025-09-25
PO-1000371,2024-04-12,V005,AsiaChem Inc,CTR-294,9630.4,2024-06-27
PO-1000372,2024-03-16,V008,ChinaPrecision,CTR-262,60674.42,2024-05-22
PO-1000373,2025-07-04,V001,IndiaTextiles,CTR-349,11326.94,2025-08-12
PO-1000374,2024-08-06,V005,IndiaTextiles,CTR-377,15338.7,2024-08-17
PO-1000375,2025-06-02,V003,EuroPack Solutions,CTR-118,11043.76,2025-08-30
PO-1000376,2024-09-28,V012,BrazilNut Co,CTR-135,13590.64,2024-10-29
PO-1000377,2024-05-15,V001,EuroPack Solutions,CTR-220,4000.19,2024-06-27
PO-1000378,2024-12-23,V004,DutchAgri Supplies,CTR-247,2740.63,2025-02-13
PO-1000379,2024-03-11,V005,DutchAgri Supplies,CTR-216,77184.63,2024-03-24
PO-1000380,2024-09-07,V007,EuroPack Solutions,CTR-146,5262.4,2024-12-06
PO-1000381,2025-01-13,V001,BrazilNut Co,CTR-322,4489.37,2025-03-03
PO-1000382,2024-10-18,V003,EuroPack Solutions,CTR-150,1250.47,2024-11-28
PO-1000383,2024-06-10,V002,IndiaTextiles,CTR-151,6615.31,2024-07-02
PO-1000384,2025-03-24,V009,FastTrack GmbH,CTR-327,3116.92,2025-05-17
PO-1000385,2025-07-10,V010,US Logistics Co,CTR-185,81325.64,2025-09-10
PO-1000386,2025-12-21,V006,GlobalSteel Ltd,CTR-253,40570.59,2026-02-17
PO-1000387,2024-11-05,V010,US Logistics Co,CTR-114,6266.88,2025-01-07
PO-1000388,2025-09-18,V003,BrazilNut Co,CTR-123,159162.25,2025-11-13
PO-1000389,2025-10-31,V008,ReliableParts NV,CTR-266,39337.83,2025-12-20
PO-1000390,2025-06-25,V008,US Logistics Co,CTR-128,9345.83,2025-07-25
PO-1000391,2024-01-09,V002,DutchAgri Supplies,CTR-250,854.62,2024-03-19
PO-1000392,2025-11-14,V006,VendorLateAlways,CTR-283,166048.77,2026-01-23
PO-1000393,2025-07-21,V007,GlobalSteel Ltd,CTR-291,2897.11,2025-09-13
PO-1000394,2024-11-02,V002,ChinaPrecision,CTR-320,2186.51,2025-01-14
PO-1000395,2025-11-10,V011,ReliableParts NV,CTR-174,41143.76,2025-12-21
PO-1000396,2024-04-16,V010,BrazilNut Co,CTR-225,195580.56,2024-05-03
PO-1000397,2024-05-17,V002,GlobalSteel Ltd,CTR-371,61248.83,2024-07-17
PO-1000398,2024-09-27,V010,US Logistics Co,CTR-310,24842.22,2024-10-14
PO-1000399,2024-04-28,V001,DutchAgri Supplies,CTR-389,25699.58,2024-06-29
PO-1000400,2024-04-19,V008,AsiaChem Inc,CTR-192,34158.17,2024-07-12
PO-1000401,2025-07-20,V001,FastTrack GmbH,CTR-187,30786.19,2025-08-19
PO-1000402,2024-06-08,V009,ChinaPrecision,CTR-189,18202.43,2024-08-23
PO-1000403,2024-10-05,V011,ReliableParts NV,CTR-140,14982.25,2024-11-18
PO-1000404,2024-10-15,V006,FastTrack GmbH,CTR-295,12470.83,2024-12-02
PO-1000405,2025-09-11,V007,GlobalSteel Ltd,CTR-223,5829.22,2025-10-01
PO-1000406,2024-08-03,V010,DutchAgri Supplies,CTR-354,9810.98,2024-08-20
PO-1000407,2024-12-17,V007,DutchAgri Supplies,CTR-398,2075.06,2025-02-03
PO-1000408,2024-07-27,V010,US Logistics Co,CTR-173,11989.98,2024-09-09
PO-1000409,2025-12-04,V003,IndiaTextiles,CTR-218,4503.23,2026-01-19
PO-1000410,2025-10-11,V002,US Logistics Co,CTR-336,3968.14,2025-12-14
PO-1000411,2024-09-27,V009,IndiaTextiles,CTR-230,16283.11,2024-12-20
PO-1000412,2025-06-01,V008,IndiaTextiles,CTR-335,61771.82,2025-08-01
PO-1000413,2025-05-15,V012,ChinaPrecision,CTR-230,36685.92,2025-06-12
PO-1000414,2024-09-14,V010,US Logistics Co,CTR-104,2374.28,2024-11-16
PO-1000415,2024-02-22,V007,ProblemVendor12,CTR-338,4498.09,2024-04-13
PO-1000416,2024-04-04,V009,AsiaChem Inc,CTR-247,37603.35,2024-06-07
PO-1000417,2025-10-11,V004,ReliableParts NV,CTR-379,4533.56,2025-10-23
PO-1000418,2025-03-09,V004,EuroPack Solutions,CTR-180,10434.82,2025-04-30
PO-1000419,2024-10-10,V001,EuroPack Solutions,CTR-137,24466.43,2025-01-03
PO-1000420,2024-02-15,V008,US Logistics Co,CTR-326,4604.65,2024-04-17
PO-1000421,2024-01-04,V012,US Logistics Co,CTR-276,15001.61,2024-02-15
PO-1000422,2024-12-07,V003,FastTrack GmbH,CTR-253,3079.65,2025-03-05
PO-1000423,2024-05-13,V007,ReliableParts NV,CTR-317,6894.61,2024-05-27
PO-1000424,2025-10-14,V012,ReliableParts NV,CTR-228,18991.75,2025-10-30
PO-1000425,2024-09-25,V002,ChinaPrecision,CTR-333,2316.25,2024-12-22
PO-1000426,2024-06-14,V002,US Logistics Co,CTR-254,21688.17,2024-08-11
PO-1000427,2025-03-28,V007,ReliableParts NV,CTR-201,13074.23,2025-05-20
PO-1000428,2025-07-18,V006,FastTrack GmbH,CTR-296,24532.13,2025-09-28
PO-1000429,2025-12-23,V003,IndiaTextiles,CTR-347,17090.97,2026-01-19
PO-1000430,2025-03-13,V009,DutchAgri Supplies,CTR-154,59907.35,2025-03-23
PO-1000431,2025-07-28,V010,DutchAgri Supplies,CTR-221,15332.76,2025-08-22
PO-1000432,2024-01-10,V006,IndiaTextiles,CTR-295,8330.29,2024-04-03
PO-1000433,2024-04-24,V010,BrazilNut Co,CTR-392,15283.47,2024-06-26
PO-1000434,2024-03-18,V010,FastTrack GmbH,CTR-283,24285.33,2024-03-29
PO-1000435,2025-12-08,V006,ReliableParts NV,CTR-394,14097.41,2025-12-31
PO-1000436,2024-06-01,V001,ProblemVendor12,CTR-251,13969.77,2024-06-16
PO-1000437,2025-07-12,V004,FastTrack GmbH,CTR-251,6172.19,2025-08-18
PO-1000438,2024-02-06,V010,IndiaTextiles,CTR-111,6443.38,2024-05-05
PO-1000439,2025-01-13,V006,AsiaChem Inc,CTR-302,2855.88,2025-03-07
PO-1000440,2025-08-19,V006,VendorLateAlways,CTR-240,91540.28,2025-10-11
PO-1000441,2025-07-19,V011,GlobalSteel Ltd,CTR-104,3400.75,2025-09-13
PO-1000442,2024-05-31,V012,IndiaTextiles,CTR-389,6234.19,2024-08-18
PO-1000443,2025-03-16,V005,ProblemVendor12,CTR-125,6061.74,2025-03-27
PO-1000444,2024-05-10,V001,ReliableParts NV,CTR-354,35753.98,2024-08-02
PO-1000445,2024-02-12,V008,ProblemVendor12,CTR-246,9658.13,2024-03-09
PO-1000446,2024-11-11,V005,ProblemVendor12,CTR-217,52707.67,2025-01-14
PO-1000447,2025-01-08,V012,US Logistics Co,CTR-280,6368.76,2025-03-03
PO-1000448,2024-02-10,V012,US Logistics Co,CTR-212,18158.49,2024-04-04
PO-1000449,2025-01-01,V012,ChinaPrecision,CTR-197,5330.06,2025-03-05
PO-1000450,2024-08-03,V005,IndiaTextiles,CTR-228,141444.69,2024-08-19
PO-1000451,2025-11-29,V007,ChinaPrecision,CTR-170,3617.87,2026-02-17
PO-1000452,2024-09-12,V004,IndiaTextiles,CTR-149,18784.79,2024-10-06
PO-1000453,2025-11-13,V006,FastTrack GmbH,CTR-120,26826.74,2026-01-26
PO-1000454,2024-04-15,V004,GlobalSteel Ltd,CTR-258,21061.02,2024-06-07
PO-1000455,2024-12-28,V003,ProblemVendor12,CTR-325,10896.35,2025-02-23
PO-1000456,2025-07-27,V007,FastTrack GmbH,CTR-117,11581.88,2025-09-12
PO-1000457,2025-02-20,V008,VendorLateAlways,CTR-396,14019.33,2025-05-21
PO-1000458,2025-09-27,V004,DutchAgri Supplies,CTR-286,11365.05,2025-11-08
PO-1000459,2024-06-07,V002,EuroPack Solutions,CTR-167,38571.43,2024-07-15
PO-1000460,2024-08-30,V012,IndiaTextiles,CTR-146,151990.8,2024-09-20
PO-1000461,2024-06-15,V010,VendorLateAlways,CTR-251,7235.53,2024-06-25
PO-1000462,2024-06-30,V003,DutchAgri Supplies,CTR-267,2960.81,2024-07-30
PO-1000463,2025-02-26,V001,ReliableParts NV,CTR-312,12123.36,2025-05-07
PO-1000464,2024-01-26,V008,BrazilNut Co,CTR-189,228132.13,2024-04-08
PO-1000465,2024-07-02,V003,GlobalSteel Ltd,CTR-202,5519.03,2024-08-27
PO-1000466,2024-12-06,V012,ChinaPrecision,CTR-167,81066.78,2025-02-22
PO-1000467,2025-02-25,V010,ChinaPrecision,CTR-376,84581.5,2025-03-19
PO-1000468,2025-11-16,V007,FastTrack GmbH,CTR-287,7266.67,2025-12-26
PO-1000469,2024-09-11,V010,US Logistics Co,CTR-371,24981.26,2024-10-21
PO-1000470,2024-09-30,V005,DutchAgri Supplies,CTR-356,80116.43,2024-12-03
PO-1000471,2024-06-12,V010,BrazilNut Co,CTR-239,8803.98,2024-07-16
PO-1000472,2025-12-19,V005,VendorLateAlways,CTR-184,10679.29,2026-03-14
PO-1000473,2024-04-20,V007,GlobalSteel Ltd,CTR-231,7045.55,2024-06-02
PO-1000474,2025-01-26,V009,DutchAgri Supplies,CTR-346,4375.46,2025-04-05
PO-1000475,2024-02-09,V012,BrazilNut Co,CTR-251,6540.67,2024-03-12
PO-1000476,2025-04-26,V005,EuroPack Solutions,CTR-273,3476.1,2025-05-18
PO-1000477,2024-08-15,V001,IndiaTextiles,CTR-158,13870.12,2024-09-08
PO-1000478,2024-07-23,V010,ChinaPrecision,CTR-339,5727.47,2024-08-08
PO-1000479,2025-04-16,V010,VendorLateAlways,CTR-138,17277.57,2025-06-19
PO-1000480,2024-12-24,V001,ChinaPrecision,CTR-172,2412.73,2025-01-22
PO-1000481,2024-11-08,V002,VendorLateAlways,CTR-215,19225.03,2025-01-10
PO-1000482,2024-08-21,V006,FastTrack GmbH,CTR-303,33419.07,2024-09-08
PO-1000483,2024-08-16,V009,US Logistics Co,CTR-385,1490.54,2024-10-02
PO-1000484,2024-01-25,V008,VendorLateAlways,CTR-287,20160.13,2024-03-16
PO-1000485,2025-11-06,V005,ChinaPrecision,CTR-146,51556.62,2025-11-21
PO-1000486,2024-07-16,V001,FastTrack GmbH,CTR-302,3531.21,2024-10-01
PO-1000487,2025-02-12,V007,VendorLateAlways,CTR-107,84105.7,2025-04-29
PO-1000488,2024-12-02,V005,EuroPack Solutions,CTR-235,21182.29,2025-01-15
PO-1000489,2024-10-12,V006,US Logistics Co,CTR-374,6151.72,2024-11-26
PO-1000490,2024-03-12,V007,VendorLateAlways,CTR-163,12564.79,2024-04-08
PO-1000491,2024-10-12,V003,FastTrack GmbH,CTR-332,24690.15,2025-01-08
PO-1000492,2024-12-25,V012,ReliableParts NV,CTR-288,14524.7,2025-01-23
PO-1000493,2025-10-18,V010,DutchAgri Supplies,CTR-234,24164.3,2025-12-10
PO-1000494,2025-06-05,V003,AsiaChem Inc,CTR-399,4852.55,2025-08-16
PO-1000495,2025-02-13,V005,BrazilNut Co,CTR-295,16095.53,2025-03-20
PO-1000496,2025-11-26,V006,AsiaChem Inc,CTR-290,2821.19,2025-12-18
PO-1000497,2025-07-03,V009,ReliableParts NV,CTR-155,11821.22,2025-08-04
PO-1000498,2024-12-05,V012,AsiaChem Inc,CTR-219,4942.87,2024-12-29
PO-1000499,2024-01-29,V005,ReliableParts NV,CTR-341,5948.64,2024-03-06
PO-1000500,2024-04-28,V001,GlobalSteel Ltd,CTR-112,52036.59,2024-07-07
PO-1000501,2024-09-24,V004,ReliableParts NV,CTR-387,44375.43,2024-10-04
PO-1000502,2024-07-01,V005,ReliableParts NV,CTR-267,26109.43,2024-08-23
PO-1000503,2025-08-17,V012,ProblemVendor12,CTR-213,4017.66,2025-11-02
PO-1000504,2024-09-28,V010,ReliableParts NV,CTR-132,9432.82,2024-12-17
PO-1000505,2024-02-09,V010,EuroPack Solutions,CTR-337,50736.84,2024-04-03
PO-1000506,2024-04-21,V005,DutchAgri Supplies,CTR-254,15613.46,2024-06-26
PO-1000507,2025-09-02,V007,IndiaTextiles,CTR-309,171315.56,2025-11-18
PO-1000508,2025-03-20,V004,VendorLateAlways,CTR-159,20591.83,2025-04-12
PO-1000509,2024-12-19,V001,BrazilNut Co,CTR-171,16502.28,2025-03-14
PO-1000510,2024-11-17,V005,US Logistics Co,CTR-123,9508.79,2024-12-05
PO-1000511,2025-03-22,V007,DutchAgri Supplies,CTR-119,15473.67,2025-04-06
PO-1000512,2025-09-12,V010,ChinaPrecision,CTR-255,11296.89,2025-10-28
PO-1000513,2025-06-07,V010,IndiaTextiles,CTR-352,29112.4,2025-08-03
PO-1000514,2024-04-28,V006,GlobalSteel Ltd,CTR-159,38268.12,2024-07-05
PO-1000515,2025-01-29,V005,GlobalSteel Ltd,CTR-149,5627.45,2025-04-13
PO-1000516,2025-08-13,V004,ReliableParts NV,CTR-220,3089.13,2025-10-11
PO-1000517,2024-07-13,V002,DutchAgri Supplies,CTR-375,1772.55,2024-09-10
PO-1000518,2024-09-17,V004,FastTrack GmbH,CTR-169,23360.23,2024-12-06
PO-1000519,2024-02-15,V010,ProblemVendor12,CTR-298,3969.11,2024-03-02
PO-1000520,2025-12-26,V010,AsiaChem Inc,CTR-332,1251.15,2026-01-18
PO-1000521,2025-03-22,V003,ChinaPrecision,CTR-289,20484.76,2025-05-08
PO-1000522,2024-01-02,V010,GlobalSteel Ltd,CTR-376,207378.2,2024-03-31
PO-1000523,2025-06-16,V001,BrazilNut Co,CTR-314,13270.81,2025-07-02
PO-1000524,2025-07-05,V008,GlobalSteel Ltd,CTR-179,33601.97,2025-09-07
PO-1000525,2025-12-04,V005,US Logistics Co,CTR-312,14618.05,2026-02-08
PO-1000526,2025-11-17,V004,VendorLateAlways,CTR-150,11982.73,2026-01-29
PO-1000527,2024-07-20,V008,GlobalSteel Ltd,CTR-350,36716.6,2024-09-09
PO-1000528,2025-01-07,V007,US Logistics Co,CTR-308,9707.93,2025-01-30
PO-1000529,2025-03-17,V002,DutchAgri Supplies,CTR-243,17928.22,2025-06-02
PO-1000530,2024-03-12,V001,DutchAgri Supplies,CTR-116,19031.82,2024-06-08
PO-1000531,2025-11-11,V012,ProblemVendor12,CTR-289,6406.71,2026-02-01
PO-1000532,2024-12-04,V011,IndiaTextiles,CTR-211,39785.05,2025-01-03
PO-1000533,2025-09-30,V004,GlobalSteel Ltd,CTR-327,11020.85,2025-10-23
PO-1000534,2024-11-17,V008,BrazilNut Co,CTR-327,5817.82,2025-01-18
PO-1000535,2025-11-10,V012,GlobalSteel Ltd,CTR-220,24104.67,2026-01-20
PO-1000536,2024-05-07,V002,BrazilNut Co,CTR-285,4972.54,2024-05-21
PO-1000537,2024-11-03,V003,EuroPack Solutions,CTR-150,13780.35,2024-11-25
PO-1000538,2025-06-03,V012,ReliableParts NV,CTR-288,13226.39,2025-08-15
PO-1000539,2024-11-12,V001,IndiaTextiles,CTR-378,44111.91,2024-12-08
PO-1000540,2025-11-13,V001,EuroPack Solutions,CTR-283,22520.2,2025-12-28
PO-1000541,2025-02-22,V003,GlobalSteel Ltd,CTR-131,12996.95,2025-03-22
PO-1000542,2024-11-30,V011,IndiaTextiles,CTR-303,32844.61,2024-12-27
PO-1000543,2025-02-16,V005,EuroPack Solutions,CTR-241,61649.99,2025-04-05
PO-1000544,2025-12-14,V012,AsiaChem Inc,CTR-197,24676.12,2026-01-18
PO-1000545,2024-10-29,V003,GlobalSteel Ltd,CTR-162,13512.74,2024-12-19
PO-1000546,2025-07-21,V001,EuroPack Solutions,CTR-332,3155.75,2025-10-02
PO-1000547,2024-05-10,V001,AsiaChem Inc,CTR-146,4139.68,2024-06-22
PO-1000548,2024-07-15,V008,AsiaChem Inc,CTR-208,9549.58,2024-08-01
PO-1000549,2025-03-06,V010,DutchAgri Supplies,CTR-110,6833.12,2025-04-14
PO-1000550,2025-11-11,V011,ProblemVendor12,CTR-125,10876.19,2025-12-13
PO-1000551,2025-01-23,V012,GlobalSteel Ltd,CTR-270,14218.72,2025-04-21
PO-1000552,2025-11-24,V012,AsiaChem Inc,CTR-224,23924.59,2026-02-09
PO-1000553,2024-06-27,V002,DutchAgri Supplies,CTR-164,12362.85,2024-08-08
PO-1000554,2025-09-22,V003,EuroPack Solutions,CTR-389,22814.51,2025-10-15
PO-1000555,2025-08-05,V002,US Logistics Co,CTR-205,14341.63,2025-10-31
PO-1000556,2024-11-04,V003,GlobalSteel Ltd,CTR-135,1520.79,2024-12-19
PO-1000557,2025-02-19,V007,IndiaTextiles,CTR-383,4753.95,2025-05-15
PO-1000558,2025-07-15,V001,BrazilNut Co,CTR-206,11401.54,2025-09-28
PO-1000559,2024-01-01,V010,BrazilNut Co,CTR-210,3531.0,2024-01-19
PO-1000560,2024-11-07,V008,EuroPack Solutions,CTR-219,25846.27,2025-01-17
PO-1000561,2024-10-20,V010,FastTrack GmbH,CTR-268,71957.14,2025-01-17
PO-1000562,2024-08-03,V010,FastTrack GmbH,CTR-175,51053.94,2024-08-31
PO-1000563,2025-03-16,V010,EuroPack Solutions,CTR-101,10564.06,2025-06-06
PO-1000564,2025-08-16,V002,AsiaChem Inc,CTR-241,68857.8,2025-11-05
PO-1000565,2025-09-13,V003,ProblemVendor12,CTR-174,15733.29,2025-10-09
PO-1000566,2025-11-01,V009,GlobalSteel Ltd,CTR-166,9220.69,2025-11-29
PO-1000567,2024-11-25,V007,BrazilNut Co,CTR-376,6803.94,2025-02-19
PO-1000568,2025-04-21,V004,BrazilNut Co,CTR-228,9578.57,2025-07-14
PO-1000569,2025-03-28,V010,ProblemVendor12,CTR-189,8716.78,2025-05-17
PO-1000570,2025-03-28,V005,AsiaChem Inc,CTR-156,16114.23,2025-06-15
PO-1000571,2025-11-22,V002,BrazilNut Co,CTR-113,15940.71,2025-12-04
PO-1000572,2024-08-06,V011,IndiaTextiles,CTR-167,13404.57,2024-08-16
PO-1000573,2025-06-07,V008,GlobalSteel Ltd,CTR-107,21603.96,2025-06-24
PO-1000574,2025-04-29,V004,VendorLateAlways,CTR-283,49499.16,2025-05-11
PO-1000575,2024-06-22,V009,BrazilNut Co,CTR-221,37968.4,2024-09-19
PO-1000576,2025-11-05,V005,EuroPack Solutions,CTR-265,2608.71,2026-01-24
PO-1000577,2024-03-27,V009,IndiaTextiles,CTR-108,804.87,2024-05-06
PO-1000578,2024-10-17,V004,BrazilNut Co,CTR-189,37337.44,2025-01-15
PO-1000579,2025-06-11,V010,ReliableParts NV,CTR-235,2970.35,2025-07-14
PO-1000580,2025-11-10,V005,IndiaTextiles,CTR-126,10433.3,2026-01-29
PO-1000581,2025-10-10,V009,DutchAgri Supplies,CTR-164,3688.13,2025-12-09
PO-1000582,2025-09-26,V008,VendorLateAlways,CTR-315,1840.55,2025-12-21
PO-1000583,2024-12-09,V003,ChinaPrecision,CTR-369,24236.35,2025-03-07
PO-1000584,2024-04-05,V001,EuroPack Solutions,CTR-158,30793.86,2024-04-15
PO-1000585,2024-08-28,V003,EuroPack Solutions,CTR-132,7085.73,2024-11-06
PO-1000586,2025-11-19,V004,GlobalSteel Ltd,CTR-343,772.67,2026-02-14
PO-1000587,2024-11-13,V002,ProblemVendor12,CTR-329,7325.61,2025-01-28
PO-1000588,2024-08-18,V001,IndiaTextiles,CTR-285,20557.57,2024-10-01
PO-1000589,2024-07-22,V007,AsiaChem Inc,CTR-362,2625.95,2024-10-19
PO-1000590,2024-05-30,V008,EuroPack Solutions,CTR-155,16345.3,2024-07-14
PO-1000591,2024-01-26,V007,IndiaTextiles,CTR-331,13136.62,2024-04-03
PO-1000592,2024-02-17,V005,IndiaTextiles,CTR-357,25266.15,2024-03-26
PO-1000593,2024-09-07,V012,ReliableParts NV,CTR-213,15237.86,2024-11-04
PO-1000594,2025-05-01,V001,US Logistics Co,CTR-122,4580.78,2025-06-15
PO-1000595,2025-09-17,V007,US Logistics Co,CTR-366,49822.83,2025-11-21
PO-1000596,2024-03-15,V007,ChinaPrecision,CTR-254,11221.84,2024-03-31
PO-1000597,2025-04-11,V009,DutchAgri Supplies,CTR-334,12964.43,2025-04-25
PO-1000598,2025-02-28,V003,ChinaPrecision,CTR-115,4785.78,2025-03-27
PO-1000599,2025-10-06,V009,BrazilNut Co,CTR-131,8204.1,2025-12-08
PO-1000600,2025-08-12,V001,AsiaChem Inc,CTR-345,5047.85,2025-10-11
PO-1000601,2024-07-18,V001,BrazilNut Co,CTR-305,11045.29,2024-09-24
PO-1000602,2025-12-14,V004,FastTrack GmbH,CTR-318,87805.49,2026-02-18
PO-1000603,2025-01-28,V009,BrazilNut Co,CTR-155,2953.98,2025-03-02
PO-1000604,2025-05-21,V006,GlobalSteel Ltd,CTR-351,2264.44,2025-07-10
PO-1000605,2025-02-13,V011,BrazilNut Co,CTR-327,67392.39,2025-05-08
PO-1000606,2024-09-06,V003,ChinaPrecision,CTR-137,10612.03,2024-10-01
PO-1000607,2024-05-31,V001,EuroPack Solutions,CTR-141,6399.79,2024-07-17
PO-1000608,2025-11-02,V004,EuroPack Solutions,CTR-264,41935.8,2025-12-19
PO-1000609,2025-12-05,V012,US Logistics Co,CTR-175,6862.47,2026-01-25
PO-1000610,2024-01-06,V009,ProblemVendor12,CTR-133,99569.45,2024-03-04
PO-1000611,2024-04-19,V003,AsiaChem Inc,CTR-164,28161.71,2024-05-12
PO-1000612,2025-03-11,V012,AsiaChem Inc,CTR-240,7811.07,2025-05-04
PO-1000613,2024-08-12,V009,GlobalSteel Ltd,CTR-399,143349.22,2024-10-23
PO-1000614,2024-06-29,V007,ChinaPrecision,CTR-380,6861.72,2024-09-15
PO-1000615,2025-12-13,V012,US Logistics Co,CTR-266,30221.38,2026-01-02
PO-1000616,2025-06-14,V004,ReliableParts NV,CTR-295,18568.5,2025-07-31
PO-1000617,2025-04-20,V003,FastTrack GmbH,CTR-371,55933.31,2025-05-27
PO-1000618,2024-02-21,V010,AsiaChem Inc,CTR-250,74433.57,2024-04-27
PO-1000619,2025-07-24,V005,EuroPack Solutions,CTR-332,13838.43,2025-08-15
PO-1000620,2024-09-12,V005,BrazilNut Co,CTR-358,5832.73,2024-10-23
PO-1000621,2024-05-04,V003,BrazilNut Co,CTR-320,22158.34,2024-07-07
PO-1000622,2025-04-12,V012,ProblemVendor12,CTR-150,6339.23,2025-05-20
PO-1000623,2024-05-16,V009,US Logistics Co,CTR-158,122360.39,2024-06-10
PO-1000624,2025-04-20,V004,ChinaPrecision,CTR-382,15524.72,2025-05-09
PO-1000625,2025-11-14,V011,ChinaPrecision,CTR-210,8938.71,2025-11-27
PO-1000626,2025-06-27,V005,DutchAgri Supplies,CTR-320,16369.06,2025-08-10
PO-1000627,2025-07-26,V004,VendorLateAlways,CTR-331,3035.59,2025-09-20
PO-1000628,2025-09-01,V005,AsiaChem Inc,CTR-216,4588.12,2025-11-25
PO-1000629,2024-11-20,V007,ChinaPrecision,CTR-311,50033.86,2025-01-19
PO-1000630,2025-03-29,V009,ProblemVendor12,CTR-273,6486.1,2025-05-06
PO-1000631,2025-09-19,V007,EuroPack Solutions,CTR-332,4223.41,2025-10-16
PO-1000632,2025-05-31,V005,US Logistics Co,CTR-304,24108.46,2025-07-18
PO-1000633,2025-03-12,V010,FastTrack GmbH,CTR-312,49230.79,2025-05-31
PO-1000634,2025-07-15,V010,DutchAgri Supplies,CTR-148,29461.77,2025-08-31
PO-1000635,2025-04-01,V007,ProblemVendor12,CTR-260,39960.73,2025-05-02
PO-1000636,2024-06-11,V010,IndiaTextiles,CTR-318,5811.1,2024-07-08
PO-1000637,2025-05-01,V005,GlobalSteel Ltd,CTR-260,2796.18,2025-07-10
PO-1000638,2025-04-05,V003,FastTrack GmbH,CTR-230,69665.95,2025-06-16
PO-1000639,2024-09-22,V007,IndiaTextiles,CTR-291,9367.97,2024-11-27
PO-1000640,2024-09-10,V011,ReliableParts NV,CTR-178,10138.38,2024-11-19
PO-1000641,2025-10-14,V011,BrazilNut Co,CTR-342,57584.78,2025-11-29
PO-1000642,2024-10-10,V002,GlobalSteel Ltd,CTR-134,24633.26,2024-12-19
PO-1000643,2025-06-17,V012,AsiaChem Inc,CTR-146,22059.01,2025-06-26
PO-1000644,2025-05-11,V009,EuroPack Solutions,CTR-143,144567.61,2025-05-29
PO-1000645,2025-10-03,V010,GlobalSteel Ltd,CTR-147,6582.24,2025-11-29
PO-1000646,2024-09-01,V010,VendorLateAlways,CTR-321,37072.26,2024-11-11
PO-1000647,2024-10-08,V012,IndiaTextiles,CTR-149,14224.41,2024-12-12
PO-1000648,2025-03-26,V001,AsiaChem Inc,CTR-290,17951.9,2025-05-02
PO-1000649,2024-03-20,V006,VendorLateAlways,CTR-166,71776.71,2024-04-23
PO-1000650,2025-12-31,V007,BrazilNut Co,CTR-384,23356.24,2026-03-22
PO-1000651,2024-10-19,V008,VendorLateAlways,CTR-130,24152.08,2024-12-10
PO-1000652,2024-08-28,V010,DutchAgri Supplies,CTR-387,43467.03,2024-09-10
PO-1000653,2024-10-05,V009,DutchAgri Supplies,CTR-387,8942.33,2024-10-18
PO-1000654,2024-12-09,V002,ReliableParts NV,CTR-268,5307.46,2025-01-21
PO-1000655,2024-11-23,V011,US Logistics Co,CTR-162,4233.18,2025-02-01
PO-1000656,2025-07-07,V010,FastTrack GmbH,CTR-310,1536.11,2025-09-28
PO-1000657,2024-03-23,V002,FastTrack GmbH,CTR-281,128261.68,2024-06-21
PO-1000658,2024-05-21,V005,AsiaChem Inc,CTR-316,3969.8,2024-07-27
PO-1000659,2024-06-03,V005,BrazilNut Co,CTR-126,10473.68,2024-07-16
PO-1000660,2024-08-24,V006,ChinaPrecision,CTR-247,9852.74,2024-11-07
PO-1000661,2025-01-27,V003,ReliableParts NV,CTR-259,18734.97,2025-02-04
PO-1000662,2025-12-11,V008,DutchAgri Supplies,CTR-280,32771.38,2025-12-31
PO-1000663,2024-06-05,V001,AsiaChem Inc,CTR-153,34424.4,2024-08-06
PO-1000664,2025-12-24,V006,ChinaPrecision,CTR-395,7034.73,2026-01-17
PO-1000665,2024-08-07,V004,FastTrack GmbH,CTR-359,11116.28,2024-09-16
PO-1000666,2024-03-06,V001,US Logistics Co,CTR-208,18230.26,2024-04-28
PO-1000667,2025-02-28,V007,VendorLateAlways,CTR-179,10162.3,2025-04-27
PO-1000668,2025-02-21,V009,DutchAgri Supplies,CTR-346,78282.56,2025-04-15
PO-1000669,2024-12-04,V004,AsiaChem Inc,CTR-214,22927.04,2024-12-16
PO-1000670,2025-07-09,V004,GlobalSteel Ltd,CTR-155,29982.39,2025-09-05
PO-1000671,2025-04-22,V006,ChinaPrecision,CTR-279,27699.49,2025-05-05
PO-1000672,2025-03-01,V012,VendorLateAlways,CTR-384,48572.91,2025-05-19
PO-1000673,2024-03-04,V003,DutchAgri Supplies,CTR-288,16303.31,2024-05-21
PO-1000674,2024-07-30,V012,FastTrack GmbH,CTR-158,3208.26,2024-08-30
PO-1000675,2025-03-06,V006,ProblemVendor12,CTR-242,20736.63,2025-04-28
PO-1000676,2025-02-02,V007,BrazilNut Co,CTR-393,6525.73,2025-04-20
PO-1000677,2025-08-21,V011,ChinaPrecision,CTR-215,7469.04,2025-10-03
PO-1000678,2025-12-13,V010,FastTrack GmbH,CTR-319,25463.48,2025-12-29
PO-1000679,2024-01-21,V010,DutchAgri Supplies,CTR-387,52162.1,2024-03-17
PO-1000680,2025-08-12,V003,ChinaPrecision,CTR-385,13676.01,2025-10-22
PO-1000681,2025-01-24,V007,ReliableParts NV,CTR-113,18764.39,2025-03-29
PO-1000682,2025-05-03,V003,VendorLateAlways,CTR-236,86893.32,2025-07-19
PO-1000683,2024-01-07,V002,DutchAgri Supplies,CTR-114,17410.5,2024-02-18
PO-1000684,2024-12-26,V012,ReliableParts NV,CTR-192,233713.53,2025-03-22
PO-1000685,2024-11-01,V010,IndiaTextiles,CTR-239,24886.0,2025-01-25
PO-1000686,2025-02-03,V004,AsiaChem Inc,CTR-258,1925.92,2025-02-25
PO-1000687,2025-03-05,V012,ProblemVendor12,CTR-273,30597.57,2025-03-28
PO-1000688,2025-07-05,V008,VendorLateAlways,CTR-279,20318.24,2025-07-24
PO-1000689,2025-07-13,V009,ChinaPrecision,CTR-103,55200.54,2025-09-08
PO-1000690,2025-09-09,V007,BrazilNut Co,CTR-192,28015.12,2025-11-02
PO-1000691,2024-08-13,V001,FastTrack GmbH,CTR-173,11472.39,2024-10-02
PO-1000692,2025-05-14,V003,GlobalSteel Ltd,CTR-389,3474.73,2025-07-31
PO-1000693,2024-08-12,V012,FastTrack GmbH,CTR-305,10615.54,2024-10-04
PO-1000694,2024-10-06,V009,ChinaPrecision,CTR-135,5241.84,2024-10-31
PO-1000695,2025-03-22,V012,ProblemVendor12,CTR-172,7054.52,2025-04-23
PO-1000696,2025-05-12,V001,FastTrack GmbH,CTR-115,25525.58,2025-08-04
PO-1000697,2024-01-30,V009,AsiaChem Inc,CTR-146,83859.24,2024-04-11
PO-1000698,2025-02-02,V008,ProblemVendor12,CTR-371,20622.51,2025-04-01
PO-1000699,2024-12-10,V001,DutchAgri Supplies,CTR-210,3585.05,2025-02-19
PO-1000700,2025-11-15,V006,ReliableParts NV,CTR-292,21786.87,2025-11-27
PO-1000701,2025-11-26,V005,GlobalSteel Ltd,CTR-314,49826.12,2025-12-08
PO-1000702,2025-02-18,V006,EuroPack Solutions,CTR-332,6831.09,2025-03-01
PO-1000703,2024-06-18,V010,ChinaPrecision,CTR-274,11528.54,2024-07-12
PO-1000704,2025-04-23,V012,US Logistics Co,CTR-180,13577.33,2025-06-11
PO-1000705,2024-05-10,V005,EuroPack Solutions,CTR-289,5634.21,2024-07-16
PO-1000706,2025-09-29,V006,FastTrack GmbH,CTR-259,27258.17,2025-12-11
PO-1000707,2025-06-30,V005,ChinaPrecision,CTR-266,11695.47,2025-09-03
PO-1000708,2024-01-28,V011,ReliableParts NV,CTR-390,21194.26,2024-02-23
PO-1000709,2025-02-07,V012,IndiaTextiles,CTR-143,5032.94,2025-05-02
PO-1000710,2025-08-29,V005,ReliableParts NV,CTR-126,8256.83,2025-11-09
PO-1000711,2025-07-31,V004,US Logistics Co,CTR-179,29573.07,2025-08-24
PO-1000712,2025-11-09,V003,GlobalSteel Ltd,CTR-180,8865.15,2025-12-27
PO-1000713,2024-01-28,V003,ReliableParts NV,CTR-125,89291.38,2024-04-22
PO-1000714,2024-03-26,V004,BrazilNut Co,CTR-141,8607.59,2024-05-12
PO-1000715,2025-10-20,V009,IndiaTextiles,CTR-239,17105.46,2025-11-16
PO-1000716,2025-03-14,V002,EuroPack Solutions,CTR-326,37266.49,2025-05-10
PO-1000717,2024-05-18,V009,DutchAgri Supplies,CTR-317,2806.79,2024-08-11
PO-1000718,2025-04-17,V001,AsiaChem Inc,CTR-348,1925.83,2025-06-01
PO-1000719,2024-07-05,V001,BrazilNut Co,CTR-326,2494.34,2024-09-25
PO-1000720,2024-02-21,V005,IndiaTextiles,CTR-312,53575.25,2024-04-11
PO-1000721,2024-09-23,V006,DutchAgri Supplies,CTR-239,7280.51,2024-12-03
PO-1000722,2025-01-23,V006,DutchAgri Supplies,CTR-210,222797.64,2025-04-05
PO-1000723,2024-12-01,V003,ChinaPrecision,CTR-362,7181.96,2025-02-14
PO-1000724,2024-08-04,V007,IndiaTextiles,CTR-158,16366.74,2024-10-12
PO-1000725,2025-04-10,V009,GlobalSteel Ltd,CTR-276,72861.89,2025-06-28
PO-1000726,2024-11-30,V011,FastTrack GmbH,CTR-320,121382.52,2025-01-14
PO-1000727,2024-12-11,V012,US Logistics Co,CTR-156,129011.13,2025-02-16
PO-1000728,2025-01-23,V010,US Logistics Co,CTR-245,50473.46,2025-02-01
PO-1000729,2024-10-11,V008,EuroPack Solutions,CTR-349,41211.34,2024-12-04
PO-1000730,2025-03-07,V006,EuroPack Solutions,CTR-369,25636.69,2025-04-25
PO-1000731,2024-09-15,V012,US Logistics Co,CTR-257,31451.35,2024-10-06
PO-1000732,2024-03-24,V008,ReliableParts NV,CTR-123,7285.9,2024-05-23
PO-1000733,2025-04-26,V012,GlobalSteel Ltd,CTR-212,5431.56,2025-07-16
PO-1000734,2024-01-20,V005,ReliableParts NV,CTR-302,13310.23,2024-03-06
PO-1000735,2025-07-06,V008,ReliableParts NV,CTR-128,11078.89,2025-10-01
PO-1000736,2024-02-23,V010,AsiaChem Inc,CTR-103,8114.83,2024-03-04
PO-1000737,2024-12-24,V012,VendorLateAlways,CTR-204,28739.45,2025-03-17
PO-1000738,2024-08-17,V004,FastTrack GmbH,CTR-254,38209.36,2024-10-23
PO-1000739,2025-10-27,V010,AsiaChem Inc,CTR-208,14724.2,2025-12-06
PO-1000740,2024-03-11,V008,ChinaPrecision,CTR-170,67865.5,2024-06-09
PO-1000741,2025-10-29,V010,VendorLateAlways,CTR-230,3805.27,2026-01-18
PO-1000742,2024-02-11,V012,VendorLateAlways,CTR-248,10796.47,2024-05-01
PO-1000743,2024-02-01,V002,IndiaTextiles,CTR-267,6072.32,2024-03-08
PO-1000744,2024-09-10,V012,GlobalSteel Ltd,CTR-161,1714.39,2024-09-23
PO-1000745,2024-07-23,V012,GlobalSteel Ltd,CTR-103,12198.29,2024-10-12
PO-1000746,2024-01-21,V005,VendorLateAlways,CTR-354,11685.19,2024-03-29
PO-1000747,2025-09-28,V009,ReliableParts NV,CTR-320,70600.66,2025-10-26
PO-1000748,2024-06-05,V004,IndiaTextiles,CTR-189,26739.39,2024-08-18
PO-1000749,2024-09-01,V011,FastTrack GmbH,CTR-166,4330.31,2024-11-27
PO-1000750,2024-05-09,V006,VendorLateAlways,CTR-294,102693.27,2024-08-03
